X,Y
-1.6,-0.101
-1.349,-0.065
0.076,-1.371
-1.814,-0.493
2.211,-0.083
0.398,0.828
-1.53,-0.545
0.094,0.459
-0.855,-0.823
1.102,-0.026
-1.471,0.989
0.606,1.007
-0.428,1.77
0.463,0.102
1.375,0.324
-0.491,-0.618
-0.225,-0.572
-1.306,1.721
0.78,-0.537
0.493,0.477
0.713,1.887
-0.09,1.423
0.847,-0.312
-0.051,-0.281
0.638,0.638
0.035,-1.14
-1.095,-0.359
0.715,-2.779
-0.191,0.584
-1.137,-0.509
-0.005,1.082
1.768,0.714
0.801,0.016
1.301,-1.454
-0.041,-0.522
0.826,1.053
-0.493,0.844
1.729,1.17
0.993,-0.342
-0.755,-0.333
-0.94,-0.489
-0.692,-8.535
6.33,-6.799
9.219,3.475
3.709,11.072
7.964,6.287
-8.388,-4.47
-3.487,-9.684
-3.158,-10.616
9.801,5.714
-3.025,11.302
-10.747,-1.044
-11.308,-0.33
8.026,-6.337
5.123,-7.993
8.726,6.222
-6.642,-7.352
-9.351,0.526
-8.482,6.334
10.566,1.76
8.453,3.126
-7.752,-6.756
0.929,10.988
4.08,10.313
8.008,-5.936
7.703,5.528
-4.734,7.199
5.036,9.066
-6.815,9.366
1.342,-11.267
-8.484,-7.986
10.007,-0.707
5.596,9.216
5.849,-6.549
9.642,-1.299
8.515,7.188
-10.575,-0.692
-9.228,-2.04
-6.647,8.375
6.294,-6.371
0.52,-10.55
0.733,-11.191
8.073,-4.297
-7.018,-2.304
0.882,9.785
7.139,-4.655
8.821,-3.697
-8.432,-1.002
7.386,5.578
-1.248,10.357
-7.933,3.027
-8.461,5.753
6.433,-6.774
-5.786,7.933
8.45,7.242
-7.534,4.268
6.49,8.544
-7.354,4.421
-7.504,6.046
-7.586,4.13
2.131,-8.993
7.584,6.764
7.769,-5.377
6.258,-6.259
-2.595,8.056
8.899,-3.534
-7.659,4.061
10.87,0.6
-7.52,8.499
0.824,-8.783
-7.388,5.787
-9.777,-1.497
9.656,-6.759
-2.111,10.646
9.772,0.198
-10.264,-3.363
7.181,-8.042
9.319,-2.664
-7.171,-6.022
-8.398,2.821
11.021,3.475
-0.533,9.015
6.115,-7.222
9.613,0.949
4.475,-6.46
-5.377,-5.577
9.203,0.927
-8.932,4.312
7.845,5.451
-3.882,8.614
3.11,9.654
10.092,3.975
7.979,6.096
9.248,-1.292
-5.19,-8.234
-10.372,-3.381
10.399,2.185
-4.891,-7.373
-6.398,7.648
6.699,-8.603
-10.116,-1.112
-10.804,2.659
-6.648,7.373
-0.06,-10.248
-3.026,10.217
2.742,-9.182
7.273,7.573
7.95,-8.96
-2.744,9.338
11.744,0.221
9.442,0.099
10.476,0.008
2.433,-9.161
-3.199,-11.983
-8.181,4.985
9.196,6.182
6.237,-11.339
11.271,-2.949
7.76,5.111
-4.156,-9.576
-2.211,7.509
-1.219,-9.391
10.17,-1.254
-8.126,2.271
-9.321,-2.932
3.069,11.112
-4.609,-10.214
9.305,1.962
4.012,9.611
-9.765,-2.63
11.095,-3.439
-4.154,-8.464
-5.682,-8.644
-2.528,8.609
9.389,0.097
-3.272,10.334
-9.068,-5.163
-10.364,-5.001
3.464,9.476
-10.004,-0.699
-6.302,9.083
1.428,7.73
3.972,7.92
-5.524,-5.921
2.114,10.651
-10.032,-3.94
5.807,4.968
8.614,-8.12
2.437,-11.134
-8.806,-5.123
-6.882,-6.964
7.363,5.757
8.961,-3.851
-1.628,-9.986
-7.896,-1.482
8.901,3.482
-6.444,5.871
9.977,-0.844
4.62,6.769
4.088,10.633
-0.485,9.44
-0.705,-10.618
-8.789,-6.928
-4.962,9.896
5.829,-11.318
6.708,-5.492
10.075,-1.857
-6.364,-7.413
6.428,-7.918
-2.6,9.517
-6.656,-9.827
9.228,0.597
-10.166,1.441
1.673,-11.585
-2.375,-9.406
-10.069,-2.017
-10.371,2.024
-8.398,-2.849
-7.714,-7.063
-9.396,-3.594
9.119,-3.001
0.694,-7.421
7.009,4.053
-9.034,-4.218
-9.941,2.452
10.534,-2.42
-7.938,-6.011
-8.559,2.812
8.965,4.395
-7.096,6.346
-0.862,10.275
-8.549,0.365
-3.258,-9.544
6.651,5.754
-5.021,-6.923
-6.709,10.985
-6.391,8.612
-9,-2.151
4.534,-8.223
4.409,-10.878
-9.021,-2.924
-9.354,4.113
9.148,-3.281
8.225,5.524
9.338,-2.608
9.115,5.706
-7.286,6.557
-4.167,9.557
-9.254,-4.791
-6.198,-8.851
-10.971,-1.313
-10.831,2.722
8.252,3.87
9.497,-0.95
7.843,7.642
-0.932,11.306
-7.495,4.386
9.778,1.938
5.713,8.63
-10.225,0.972
3.666,-8.853
-1.475,10.875
-1.72,10.231
2.966,-8.869
-9.221,3.049
10.435,-1.112
2.803,8.352
-4.066,10.956
-9.129,3.234
-9.033,3.925
-7.447,7.349
-4.679,-7.581
-9.989,-4.262
2.719,-8.785
-9,4.101
1.392,9.087
10.174,-3.784
1.457,-11.306
10.555,-0.904
-1.096,9.186
4.118,-7.724
-7.887,5.573
-7.319,4.714
7.939,-2.918
-1.88,9.607
9.987,-0.174
-2.785,-10.913
9.484,-5.677
10.243,-1.053
-12.074,-5.775
-8.816,1.201
11.775,2.134
9.092,-3.76
10.693,0.378
-4.345,7.982
-7.053,6.297
10.869,-1.728
-5.131,-6.775
-0.079,10.397
-9.226,-5.952
8.875,-5.943
-6.019,7.19
10.032,-2.06
9.204,-3.423
2.188,9.068
9.351,-1.002
-2.869,-10.168
9.341,-1.774
2.989,10.363
2.492,9.563
0.135,8.001
-6.153,8.371
6.063,9.591
11.083,3.466
3,-9.794
-5.653,-7.855
-8.751,-4.079
3.866,-10.076
7.73,-2.333
-5.245,5.48
9.726,0.782
1.19,9.99
6.334,-5.051
7.813,7.893
-7.77,-8.52
-0.607,-11.379
3.834,-7.696
-0.297,11.693
9.076,-3.308
8.347,1.405
-3.399,-10.181
-1.266,-12.346
-9.593,1.68
8.28,7.49
-8.971,-3.312
-0.967,10.364
-0.83,10.906
-4.569,9.409
8.283,-6.916
-6.328,5.423
-10.487,3.191
-5.426,-6.821
-0.512,10.364
-3.112,-9.875
-0.102,-11.818
-1.46,-10.854
4.11,7.239
-5.266,7.724
-10.48,1.783
9.493,-4.906
8.275,-1.227
9.238,-1.299
5.87,-6.541
-8.793,-6.177
3.06,-8.475
-3.59,-9.984
-7.498,-6.422
9.875,-6.915
-11.562,1.888
-9.587,-4.329
-8.767,-7.184
4.864,-7.571
9.006,-4.648
-9.947,-2.289
-10.248,0.934
11.817,2.802
-7.43,-6.291
-11.518,-3.33
-0.685,9.447
9.996,-0.353
-8.7,-4.437
3.168,8.151
9.829,0.748
-1.796,10.074
0.668,-10.117
5.473,7.286
-11.146,0.073
1.513,10.588
-1.823,-9.247
10.133,1.507
-7.049,-8.155
7.01,-5.948
-4.867,-7.419
-0.475,-11.079
-0.099,-10.493
8.046,5.149
0.934,7.99
-6.372,-7.638
8.6,5.253
4.397,5.53
-6.366,-9.713
11.486,-0.447
10.23,3.333
8.248,-7.592
4.119,8.356
6.274,-6.562
2.892,9.283
-9.635,1.294
-10.156,-0.904
-11.755,1.878
-6.469,6.792
-4.352,8.399
-2.125,-10.333
2.631,9.716
-4.406,-7.889
8.285,8.736
-3.153,9.805
10.78,-0.588
4.427,-7.243
-7.16,-3.661
-8.143,-2.797
4.569,8.251
-8.771,2.893
-7.705,-1.052
-3.446,8.729
-8.873,-4.573
-3.899,9.613
-4.685,-10.353
2.936,8.903
0.238,-10.299
-1.667,-8.638
8.848,-6.464
9.189,-3.315
-9.494,-6.291
10.588,2.997
-7.27,5.876
-9.182,5.54
-6.957,-7.509
9.669,-3.696
1.538,10.373
5.603,6.859
3.96,-9.513
4.554,-9.784
-10.331,2.544
-0.229,9.509
-1.398,-10.495
3.024,-8.697
-3.57,-8.746
-1.812,8.859
-5.949,-8.444
-3.921,7.968
-2.469,-10.454
1.732,9.813
9.82,4.184
7.438,4.667
-7.217,-5.959
-8.931,-5.714
-9.478,0.513
-6.726,7.175
-2.706,-11.064
1.226,10.409
8.364,-4.649
-6.097,8.522
2.452,9.891
9.438,4.13
7.53,-8.048
0.012,-7.788
-5.837,8.962
-9.763,-1.276
-9.61,5.788
3.083,-12.128
3.808,-11.329
-8.719,0.152
8.115,-5.811
10.046,-3.371
-6.349,-4.971
8.616,-5.528
8.413,6.493
-6.238,5.27
7.225,6.126
-9.164,-3.749
-5.605,-8.992
-9.857,3.412
-4.919,-8.964
-7.363,-4.406
-5.882,-9.583
-8.35,3.893
-7.912,7.292
1.947,-12.063
-6.713,5.648
-5.722,-6.937
11.272,2.932
12.197,4.403
-5.395,7.943
-8.396,-5.281
10.202,-1.568
-2.204,8.955
6.337,-9.808
-8.111,-6.544
9.704,0.54
-6.292,-6.587
-8.795,5.8
-8.569,-1.882
1.834,10.34
9.062,2.298
-9.649,-6.059
4.94,-7.194
9.729,4.22
1.799,8.903
-8.56,-2.448
8,3.887
1.826,-9.846
-8.596,-4.696
3.217,-8.867
-8.766,-0.45
-1.423,-11.191
-11.045,-0.64
9.173,2.617
0.418,-10.223
10.204,-4.244
-2.11,-8.316
9.949,-2.946
-4.846,8.593
6.359,9.361
2.838,-10.39
2.524,7.554
-6.54,6.338
8.339,3.535
-8.247,0.752
-4.823,-8.501
8.288,-5.824
-2.401,-8.671
9.391,1.012
-11.66,-0.536
-2.865,11.196
-2.865,9.895
-4.25,-10.163
7.319,8.478
10.411,-5.006
-7.043,-4.568
8.782,6.899
-3.556,-7.706
0.35,-9.617
6.678,7.919
4.215,10.046
-4.451,8.642
-9.293,4.155
-3.308,9.323
-5.597,7.193
6.126,8.106
8.288,-3.529